JobRole,Skills
Data Scientist,"Python, SQL, Machine Learning, Data Analysis, Statistics"
DevOps Engineer,"AWS, Docker, Kubernetes, CI/CD, Linux, Automation"
Backend Developer,"Java, Python, SQL, APIs, Microservices"
Cloud Architect,"AWS, Azure, Cloud Computing, Networking, Automation"
Machine Learning Engineer,"Python, TensorFlow, Machine Learning, Artificial Intelligence, Deep Learning, MLOps"
Frontend Developer,"JavaScript, React, HTML, CSS, Web Design"
Full Stack Developer,"JavaScript, React, Node.js, SQL, APIs"
Data Engineer,"Python, SQL, ETL, Spark, Data Pipelines"
Cybersecurity Analyst,"Networking, Security, Linux, Python, Risk Assessment"
Systems Administrator,"Linux, Networking, Automation, Windows Server, Scripting"
Mobile App Developer,"Java, Kotlin, Swift, Mobile Development, APIs"
Database Administrator,"SQL, Database Design, Oracle, Backup Recovery, Performance Tuning"
